,stim,Image size (pixels),Aspect ratio,RMS contrast,Lightness entropy,Complexity,Edge density,mean R channel,mean G channel,mean B channel (RGB),mean L channel,mean a channel,mean b channel (Lab),mean H channel,mean S channel,mean V channel,std R channel,std G channel,std B channel,std L channel,std a channel,std b channel (Lab),std H channel,std S channel,std V channel,Color entropy,Mirror symmetry,Balance,DCM distance,DCM x position,DCM y position,CNN symmetry left-right,CNN symmetry up-down,CNN symmetry left-right & up-down,Fourier slope,Fourier sigma,2D Fractal dimension,3D Fractal dimension,Self-similarity (PHOG),Self-similarity (CNN),Homogeneity,Anisotropy,1st-order EOE,2nd-order EOE,Sparseness,Variability,gray_scale,upscaled,external_color_profile_found,hits,misses,false_alarms,correct_rejections,FAR,HR,CR,memorability,bias,distinctiveness_early,distinctiveness_mid,distinctiveness_late
0,141_phasescrambled.jpg,512,1.0,16.684,7.566,13.295,100.268,78.057,81.769,62.809,33.574,-3.653,10.153,0.2417,0.444,0.3494,39.389,40.618,44.605,16.684,6.369,17.427,0.1982,0.2606,0.1547,6.783,38.201,9.069,5.688,-0.007812,-0.02734,0.6504,0.6544,0.6256,-3.895,0.4507,1.641,2.674,0.9141,0.8492,96.267,0.0002165,4.455,4.547,0.0001288,5.378e-06,0,1,0,57,21,26,52,0.3333333333333333,0.7307692307692307,0.3974358974358974,0.0748522237190909,0.015039961381965616,0.05254439228906127,0.2966776401019052,0.3381484455258438
1,564_phasescrambled.jpg,512,1.0,12.0,6.96,8.204,71.456,151.404,158.923,104.489,63.62,-10.8091,26.885,0.2079,0.3839,0.6331,36.497,30.558,51.211,12.0,5.36,16.068,0.08247,0.2381,0.1259,6.055,44.102,4.796,3.221,-0.01562,0.003906,0.7196,0.6617,0.6512,-3.953,0.376,1.49,2.652,0.9153,0.8416,95.141,0.0002622,4.294,4.517,0.0001663,5.81e-06,0,1,0,47,31,23,55,0.2948717948717949,0.6025641025641025,0.30769230769230765,-0.02160073408531915,-0.0777645200276218,0.05676490698888708,0.27474969588464254,0.34909988026313776
2,1529_phasescrambled.jpg,512,1.0,16.378,6.832,9.802,81.097,199.558,202.732,189.718,80.7,-3.362,6.352,0.2334,0.1008,0.8055,44.823,44.373,52.467,16.378,4.057,6.79,0.1777,0.08306,0.1728,6.717,18.418,18.488,15.349,-0.01953,0.07422,0.6799,0.5968,0.5826,-3.577,0.5213,1.424,2.71,0.7594,0.888,92.367,0.0002397,4.221,4.489,0.0002365,4.77e-06,0,1,0,43,35,24,54,0.3076923076923077,0.5512820512820513,0.2435897435897436,-0.07307282610159521,-0.08979938920613295,0.08462518306460362,0.2725594012159965,0.43107540048294235
3,203_phasescrambled.jpg,512,1.0,27.674,7.911,11.265,99.663,116.055,107.329,114.68,44.956,5.017,-2.628,0.8578,0.2229,0.4801,70.772,67.313,72.208,27.674,4.766,8.093,0.1965,0.1986,0.2781,7.12,33.122,12.74,10.156,0.0,-0.05078,0.6777,0.6492,0.6275,-3.986,0.4533,1.286,2.621,0.868,0.8532,93.061,0.000324,4.018,4.396,0.0001647,5.557e-06,0,1,0,54,24,23,55,0.2948717948717949,0.6923076923076923,0.3974358974358974,0.05822129486798394,-0.03674799172690146,0.048477676475119504,0.3138307683980224,0.40276960771947645
4,326_phasescrambled.jpg,512,1.0,21.965,7.703,15.527,108.489,143.616,140.208,90.544,57.007,-4.507,24.824,0.1659,0.4432,0.594,61.606,58.303,49.511,21.965,7.553,26.731,0.1775,0.2555,0.2203,6.347,41.304,6.395,2.344,0.0,0.01172,0.6994,0.6184,0.628,-3.426,0.6163,1.509,2.676,0.8824,0.8425,95.979,0.0002781,3.701,4.186,0.0001266,6.145e-06,0,1,0,54,24,20,58,0.2564102564102564,0.6923076923076923,0.4358974358974359,0.07579980699686412,-0.07095743270688859,0.05942659637684176,0.2825721922402984,0.34386144819796244
5,1519_phasescrambled.jpg,512,1.0,22.909,7.82,13.42,121.973,138.455,137.079,126.911,56.067,-1.294,5.812,0.1581,0.1536,0.5526,58.269,57.973,60.641,22.909,3.092,5.786,0.1466,0.1637,0.2265,6.367,26.626,7.488,5.002,0.01562,0.01953,0.6805,0.6613,0.6639,-4.159,0.4295,1.411,2.609,0.8852,0.8813,98.803,0.0002879,3.998,4.372,0.000174,4.128e-06,0,1,0,50,28,33,45,0.4230769230769231,0.6410256410256411,0.217948717948718,-0.04598633353493242,0.05384546203454843,0.036767629693878257,0.22656224537542108,0.35980203928554644
6,1833_phasescrambled.jpg,512,1.0,25.537,7.921,13.777,126.53,119.444,111.631,86.505,46.21,0.2526,14.544,0.1262,0.4306,0.4981,67.889,64.214,57.843,25.537,7.677,18.748,0.1881,0.2412,0.25,6.955,31.0,8.488,4.752,0.02344,0.003906,0.6525,0.6068,0.5973,-4.381,0.3352,1.343,2.591,0.883,0.8534,96.919,0.0004206,3.507,3.996,0.0001525,7.485e-06,0,1,0,58,20,37,41,0.47435897435897434,0.7435897435897436,0.2692307692307693,0.021800826239859517,0.14633408235154477,0.04258104889559315,0.2370298520487717,0.4760058346902445
7,1850_phasescrambled.jpg,512,1.0,26.082,7.905,9.335,87.337,113.58,136.314,136.882,54.021,-7.269,-2.201,0.4616,0.304,0.5723,56.598,67.733,82.916,26.082,4.159,13.656,0.159,0.1717,0.2912,6.565,41.601,10.47,8.735,0.007812,-0.04297,0.7344,0.6344,0.6241,-4.209,0.3444,1.13,2.566,0.8373,0.854,86.48,0.0004764,3.222,3.716,0.0002036,6.878e-06,0,1,0,59,19,45,33,0.5769230769230769,0.7564102564102564,0.17948717948717952,-0.013672059110491797,0.2434187623411369,0.040525040070532085,0.2292820761048515,0.36740827009839966
8,656_phasescrambled.jpg,512,1.0,23.093,7.769,14.635,124.38,91.681,93.359,89.837,38.318,-1.282,1.915,0.2545,0.1794,0.3801,56.519,56.475,59.563,23.093,3.261,6.376,0.2573,0.1878,0.2248,6.533,45.009,9.436,8.839,0.03125,0.03125,0.708,0.694,0.682,-4.135,0.4045,1.505,2.643,0.9049,0.8941,92.648,0.0002933,3.941,4.338,0.0001692,3.194e-06,0,1,0,51,27,32,46,0.41025641025641024,0.6538461538461539,0.2435897435897436,-0.028723682498643432,0.04830181908417952,0.04755708673382139,0.22813119380937238,0.35980203928554644
9,1378_phasescrambled.jpg,512,1.0,17.726,7.53,13.226,116.254,127.69,113.67,112.399,48.828,6.704,2.743,0.9393,0.3081,0.5412,46.622,44.904,50.424,17.726,6.321,19.191,0.237,0.2204,0.1729,7.029,26.034,5.39,3.906,0.01562,-0.01172,0.6915,0.6478,0.6417,-4.071,0.4277,1.495,2.621,0.9139,0.8392,98.108,0.0002885,3.931,4.342,0.0001557,5.76e-06,0,1,0,48,30,37,41,0.47435897435897434,0.6153846153846154,0.14102564102564108,-0.09223064369343065,0.08773904192194437,0.036767629693878257,0.22656224537542108,0.27622355639811946
10,449_phasescrambled.jpg,512,1.0,25.315,7.927,24.069,172.042,113.907,132.579,140.04,53.28,-3.657,-5.798,0.5432,0.3191,0.5799,60.845,65.551,69.353,25.315,7.016,11.797,0.1795,0.2115,0.2615,5.89,24.672,7.126,4.752,0.003906,0.02344,0.7395,0.6807,0.6785,-3.431,0.6087,1.69,2.788,0.9036,0.8877,95.756,0.0002224,3.799,4.222,0.0001393,4.048e-06,0,1,0,51,27,28,50,0.358974358974359,0.6538461538461539,0.2948717948717949,-0.005285666326803273,0.002689231110863388,0.10430010609724234,0.39515535262488344,0.40862667615139364
11,1985_phasescrambled.jpg,512,1.0,19.263,7.63,15.818,127.408,112.649,111.728,97.776,46.179,-1.921,7.843,0.1498,0.2363,0.4584,48.497,47.627,49.079,19.263,5.409,11.54,0.1709,0.1885,0.1874,6.278,26.458,8.206,13.003,-0.03516,-0.05469,0.722,0.6913,0.6801,-3.942,0.4727,1.628,2.694,0.9133,0.8889,95.865,0.0002699,3.868,4.292,0.0001525,3.289e-06,0,1,0,57,21,34,44,0.4358974358974359,0.7307692307692307,0.2948717948717948,0.027976191375410575,0.10626513732859766,0.05136649172309498,0.2760774924506056,0.4005041426910977
12,77_phasescrambled.jpg,512,1.0,25.61,7.892,13.013,109.859,115.36,112.403,108.796,46.543,1.841,2.545,0.0847,0.3233,0.5005,63.999,64.101,67.479,25.61,6.382,16.415,0.285,0.2499,0.2472,6.916,27.873,10.625,9.144,0.01562,-0.04297,0.682,0.6247,0.6164,-3.924,0.4761,1.414,2.614,0.8789,0.8466,94.12,0.0003746,3.428,3.949,0.0001461,7.654e-06,0,1,0,60,18,42,36,0.5384615384615384,0.7692307692307693,0.23076923076923084,0.015309600011717328,0.21506882540411,0.03680952629157804,0.21559064075630938,0.3766853455042209
13,117_phasescrambled.jpg,512,1.0,22.691,7.828,38.273,233.214,119.18,123.257,90.351,49.633,-7.271,17.269,0.1876,0.3261,0.4844,56.846,57.132,51.066,22.691,3.152,7.007,0.03485,0.2008,0.2238,4.431,25.404,6.009,6.629,-0.02344,0.02344,0.7703,0.772,0.7647,-2.898,0.8255,1.943,2.959,0.952,0.9319,98.589,0.0001283,4.449,4.561,0.0001445,1.761e-06,0,1,0,48,30,12,66,0.15384615384615385,0.6153846153846154,0.46153846153846156,0.05425695738057035,-0.19733963291128087,0.14485797645800724,0.29099585862806104,0.4459112186296603
14,258_phasescrambled.jpg,512,1.0,20.349,7.709,14.95,134.834,122.836,117.87,107.046,49.412,2.014,6.665,0.2064,0.3588,0.5411,55.317,51.908,60.343,20.349,8.514,21.438,0.2936,0.2624,0.2055,7.186,31.638,7.33,10.156,0.01953,-0.04688,0.6879,0.5963,0.592,-4.282,0.3781,1.486,2.633,0.9059,0.8289,97.103,0.0003492,3.747,4.191,0.0001592,6.943e-06,0,1,0,47,31,30,48,0.38461538461538464,0.6025641025641025,0.2179487179487179,-0.06261726238603943,0.0020575089256813506,0.04258104889559315,0.2984143463464395,0.34365609877521636
15,1395_phasescrambled.jpg,512,1.0,21.264,7.702,14.154,128.612,158.11,151.582,138.024,62.54,1.93,8.897,0.2264,0.3148,0.6689,47.878,58.226,72.449,21.264,8.046,17.577,0.2823,0.2687,0.1952,6.352,20.609,7.842,3.494,-0.007812,0.01562,0.7356,0.6011,0.5981,-4.01,0.4859,1.467,2.68,0.8929,0.8405,92.736,0.0003531,3.252,3.797,0.0001554,6.634e-06,0,1,0,61,17,37,41,0.47435897435897434,0.782051282051282,0.3076923076923077,0.05601026721984653,0.16391259448042494,0.05067633876634742,0.33903119591077613,0.40027830121256475
16,865_phasescrambled.jpg,512,1.0,11.719,7.253,12.351,77.629,67.899,103.755,113.366,41.784,-7.312,-8.599,0.4691,0.5139,0.4939,28.988,28.703,51.371,11.719,5.214,22.294,0.1637,0.1867,0.1569,6.057,21.696,3.384,3.906,0.0,-0.01953,0.777,0.6301,0.6427,-3.165,0.648,1.837,2.762,0.9235,0.8834,96.347,0.0002511,4.161,4.452,0.0001897,5.017e-06,0,1,0,48,30,25,53,0.32051282051282054,0.6153846153846154,0.2948717948717949,-0.02191659517791017,-0.04909872199800369,0.07013946192862816,0.483933972060952,0.49108716682627673
17,998_phasescrambled.jpg,512,1.0,20.361,7.697,12.565,107.826,124.602,117.132,110.79,49.193,2.524,4.499,0.05955,0.2713,0.5258,59.379,49.646,46.231,20.361,4.718,12.32,0.2602,0.1902,0.208,5.974,31.325,7.763,8.594,-0.04297,0.0,0.6884,0.7226,0.6838,-4.075,0.3938,1.502,2.636,0.9124,0.8763,95.5,0.0001925,4.559,4.555,0.0001758,4.823e-06,0,1,0,58,20,23,55,0.2948717948717949,0.7435897435897436,0.44871794871794873,0.10383388284130002,-0.013309975555061304,0.0305345178624319,0.26689293049859475,0.4055479494499952
18,2048_phasescrambled.jpg,512,1.0,14.082,7.344,11.493,94.67,119.676,102.091,103.04,44.499,7.159,2.079,0.9848,0.1607,0.4695,37.871,33.518,34.192,14.082,2.261,2.412,0.04724,0.05453,0.1483,4.828,28.741,3.638,3.906,-0.01172,-0.01562,0.7299,0.7285,0.7151,-3.964,0.4163,1.544,2.636,0.9231,0.91,97.007,0.0002923,3.836,4.262,0.0001686,2.3e-06,0,1,0,42,36,21,57,0.2692307692307692,0.5384615384615384,0.2692307692307692,-0.06689746096604415,-0.12986833422908006,0.05504135305660145,0.3164999566434676,0.4711918806560129
19,995_phasescrambled.jpg,512,1.0,21.426,7.767,22.613,192.797,106.975,117.553,121.372,47.952,-2.487,-3.144,0.5215,0.2598,0.5037,52.36,53.393,61.176,21.426,4.248,11.58,0.1948,0.1933,0.2214,6.781,28.334,6.38,9.536,0.03906,-0.02734,0.7299,0.7147,0.7041,-4.014,0.501,1.656,2.742,0.9358,0.8904,98.102,0.00017,4.37,4.543,0.000161,3.592e-06,0,1,0,44,34,22,56,0.28205128205128205,0.5641025641025641,0.28205128205128205,-0.04995067102234613,-0.10674617914983098,0.08357943006845986,0.3073011316643425,0.27622355639811946
20,1778_phasescrambled.jpg,512,1.0,20.216,7.705,9.22,87.671,109.52,110.47,111.442,45.777,-0.1306,-0.5942,0.5801,0.09069,0.4469,49.004,49.002,50.671,20.216,1.81,3.212,0.3291,0.1249,0.1949,5.893,20.255,6.392,7.075,0.003906,-0.03516,0.729,0.6705,0.6592,-4.19,0.4176,1.347,2.566,0.8754,0.8818,95.037,0.0005735,2.754,3.258,0.0001846,3.496e-06,0,1,0,51,27,36,42,0.46153846153846156,0.6538461538461539,0.1923076923076923,-0.05216169867048359,0.09391440705749554,0.045567694393163195,0.1735012955149219,0.4197465810304848
21,1855_phasescrambled.jpg,512,1.0,23.641,7.804,8.495,80.331,137.772,137.772,138.016,56.824,1.95,1.148,0.9489,0.3044,0.6249,48.987,64.249,80.262,23.641,8.317,16.826,0.4678,0.2079,0.2477,6.848,42.846,9.939,3.494,-0.007812,0.01562,0.726,0.6105,0.6013,-4.129,0.3638,1.189,2.586,0.8348,0.8393,91.327,0.0005401,2.862,3.322,0.0002057,6.166e-06,0,1,0,57,21,43,35,0.5512820512820513,0.7307692307692307,0.1794871794871794,-0.02475934501122984,0.20889346026855882,0.029883230395737377,0.17660957611958625,0.3248345838196054
22,1032_phasescrambled.jpg,512,1.0,16.066,7.351,14.0,105.723,155.799,140.72,132.139,59.656,5.193,7.521,0.08813,0.248,0.6317,30.39,47.99,51.38,16.066,13.286,13.296,0.2108,0.2186,0.1265,7.483,16.023,7.46,11.049,-0.007812,0.05469,0.7706,0.6625,0.6563,-3.561,0.6394,1.718,2.741,0.942,0.8682,93.945,0.0001613,4.436,4.548,0.0001307,4.158e-06,0,1,0,49,29,18,60,0.23076923076923078,0.6282051282051282,0.3974358974358974,0.030503080116139114,-0.1230612469083468,0.05959655928378067,0.3180269875373954,0.32261968893685794
23,1878_phasescrambled.jpg,512,1.0,23.631,7.792,14.692,120.151,118.024,84.077,82.101,39.308,14.758,8.409,0.9994,0.4771,0.4907,66.525,61.187,59.433,23.631,15.844,13.321,0.1706,0.2699,0.2414,6.584,43.34,13.765,18.438,0.05469,-0.07422,0.62,0.6265,0.5817,-4.076,0.4638,1.379,2.641,0.8687,0.8336,90.583,0.0002821,4.176,4.454,0.0001468,7.72e-06,0,1,0,46,32,25,53,0.32051282051282054,0.5897435897435898,0.2692307692307692,-0.044722889164568236,-0.06081773008392377,0.07428323235283042,0.28415260427474065,0.5234334612536254
24,1258_phasescrambled.jpg,512,1.0,17.669,7.601,13.955,100.475,54.616,66.347,82.462,27.185,0.4494,-10.5823,0.6029,0.4052,0.3313,36.609,41.773,51.497,17.669,2.486,10.463,0.1475,0.2251,0.1957,5.503,39.5,11.284,16.257,0.04688,-0.06641,0.7091,0.6987,0.6659,-3.643,0.5404,1.585,2.757,0.9147,0.8981,92.952,0.0001669,4.481,4.561,0.0001532,3.471e-06,0,1,0,45,33,24,54,0.3076923076923077,0.5769230769230769,0.26923076923076916,-0.05026653211493726,-0.07808038112021287,0.06070365058930268,0.24159696112891077,0.3314841877554215
25,1070_phasescrambled.jpg,512,1.0,13.845,7.136,8.408,78.968,155.128,169.585,183.198,68.576,-1.573,-8.457,0.542,0.1746,0.7321,37.565,37.022,45.932,13.845,2.197,12.711,0.1659,0.1285,0.1723,5.733,22.303,8.447,9.407,-0.003906,0.04688,0.7484,0.6877,0.6817,-3.9,0.4759,1.415,2.641,0.9032,0.8772,91.779,0.0006136,2.447,2.962,0.0002321,3.521e-06,0,1,0,50,28,39,39,0.5,0.6410256410256411,0.14102564102564108,-0.08114335779269266,0.12226434399452257,0.05062144076472316,0.21812966402150144,0.3605566533258742
26,585_phasescrambled.jpg,512,1.0,19.352,7.656,17.981,130.511,114.776,134.313,83.138,52.837,-15.517,24.515,0.2523,0.44,0.5327,49.881,50.118,46.285,19.352,6.937,17.056,0.09456,0.2105,0.1963,6.026,31.512,5.222,4.752,0.003906,-0.02344,0.7104,0.7335,0.6991,-3.429,0.6528,1.642,2.76,0.9189,0.8516,94.806,0.0001486,4.548,4.568,0.0001357,4.12e-06,0,1,0,56,22,31,47,0.3974358974358974,0.717948717948718,0.32051282051282054,0.03415155651096169,0.06619619230565066,0.06726465091284158,0.23450438378473767,0.33977094870685026
27,1040_phasescrambled.jpg,512,1.0,19.507,7.571,11.51,107.687,169.736,156.573,149.304,65.135,4.601,6.296,0.05479,0.2176,0.6879,42.755,54.175,60.736,19.507,7.663,10.653,0.2553,0.2082,0.1701,6.659,15.901,10.631,12.128,-0.01562,0.05859,0.7414,0.6203,0.617,-4.084,0.4484,1.384,2.607,0.8894,0.8719,90.632,0.0004083,3.185,3.703,0.0001756,4.145e-06,0,1,0,53,25,33,45,0.4230769230769231,0.6794871794871795,0.25641025641025644,-0.011776892554945406,0.0714239741634286,0.058491401882181854,0.17660957611958625,0.3248345838196054
28,332_phasescrambled.jpg,512,1.0,24.596,7.873,14.353,113.493,117.64,122.886,135.462,50.429,0.8902,-7.392,0.6017,0.1898,0.5358,60.657,60.996,64.741,24.596,3.506,6.737,0.1223,0.1566,0.2507,6.084,21.356,7.267,8.043,-0.03516,-0.01953,0.6877,0.7239,0.678,-3.747,0.5204,1.439,2.65,0.8891,0.8851,91.869,0.0002186,4.35,4.53,0.0001563,3.642e-06,0,1,0,56,22,28,50,0.358974358974359,0.717948717948718,0.358974358974359,0.05173006863984181,0.03198675132566364,0.057988266950227456,0.2552394436636761,0.42168260412808267
29,1476_phasescrambled.jpg,512,1.0,31.058,7.805,8.764,84.573,149.119,146.576,137.977,59.146,-0.2695,5.241,0.1385,0.2303,0.601,76.28,78.54,83.657,31.058,2.43,8.886,0.209,0.2399,0.3016,6.086,18.031,15.843,22.777,-0.01172,0.1133,0.7161,0.5187,0.5128,-4.11,0.3993,1.049,2.529,0.811,0.8203,83.843,0.0005837,2.859,3.346,0.0002025,6.438e-06,0,1,0,60,18,32,46,0.41025641025641024,0.7692307692307693,0.35897435897435903,0.07390464044131773,0.10103735547081982,0.029883230395737377,0.1735012955149219,0.40276960771947645
30,570_phasescrambled.jpg,512,1.0,23.176,7.727,7.789,78.119,124.091,139.332,169.563,57.11,3.131,-18.1844,0.6188,0.3115,0.6679,60.505,62.551,50.631,23.176,6.974,12.195,0.09467,0.2082,0.2001,5.824,47.682,8.365,4.555,0.01172,-0.01953,0.6973,0.6782,0.6809,-4.225,0.2954,1.182,2.461,0.8316,0.8677,95.943,0.0004839,3.734,4.127,0.000278,4.665e-06,0,1,0,44,34,27,51,0.34615384615384615,0.5641025641025641,0.21794871794871795,-0.07924819123714633,-0.04973044418318584,0.05476515806413396,0.27036015196723834,0.44532385819641407
31,892_phasescrambled.jpg,512,1.0,16.869,7.484,25.77,158.321,114.173,115.834,93.058,48.858,2.063,11.605,0.2479,0.6009,0.5907,63.27,42.515,63.746,16.869,11.439,37.699,0.2697,0.2515,0.1995,6.543,33.813,4.452,4.555,0.01172,0.01953,0.6649,0.6566,0.6193,-3.099,0.7776,1.974,2.843,0.9219,0.8571,98.337,0.0001335,4.574,4.573,0.000123,5.11e-06,0,1,0,52,26,23,55,0.2948717948717949,0.6666666666666666,0.37179487179487175,0.035415000881325875,-0.04846699981282154,0.1029259177120155,0.31305085213132433,0.35772010157325973
32,697_phasescrambled.jpg,512,1.0,18.566,7.601,16.632,138.862,128.552,120.926,74.494,50.015,-3.25,25.754,0.143,0.4915,0.5198,50.092,47.396,43.907,18.566,8.374,16.855,0.07873,0.2213,0.1823,5.665,26.299,3.195,4.555,0.01172,-0.01953,0.6831,0.6738,0.6572,-3.994,0.4668,1.618,2.679,0.923,0.7895,97.839,0.0001939,4.553,4.564,0.0001517,4.613e-06,0,1,0,53,25,23,55,0.2948717948717949,0.6794871794871795,0.38461538461538464,0.04681814787465499,-0.04260749576986156,0.06712289455978979,0.23450438378473767,0.3381484455258438
33,282_phasescrambled.jpg,512,1.0,19.539,7.614,10.69,86.812,86.579,83.012,100.462,35.482,5.612,-9.246,0.7263,0.2754,0.4045,49.442,45.428,53.14,19.539,3.696,8.346,0.1383,0.1861,0.2035,6.567,29.531,11.884,18.238,0.08984,0.01562,0.666,0.7015,0.6498,-3.9,0.4202,1.399,2.637,0.8995,0.8744,94.443,0.0002528,4.359,4.531,0.0001673,3.618e-06,0,1,0,52,26,33,45,0.4230769230769231,0.6666666666666666,0.24358974358974356,-0.023180039548274467,0.06556447012046851,0.053771621271983094,0.2552394436636761,0.3314841877554215
34,807_phasescrambled.jpg,512,1.0,17.064,7.582,14.76,104.988,60.142,92.651,132.542,38.415,2.619,-24.0273,0.5545,0.5842,0.5428,32.198,40.024,76.063,17.064,9.947,25.745,0.145,0.1942,0.2705,5.744,22.326,7.643,4.752,0.003906,-0.02344,0.7739,0.6451,0.6409,-3.432,0.656,1.666,2.755,0.9161,0.8743,94.854,0.000272,3.495,4.068,0.0001957,5.123e-06,0,1,0,53,25,25,53,0.32051282051282054,0.6794871794871795,0.358974358974359,0.03509913978873491,-0.019801201783203548,0.06803091382127803,0.2661639627586186,0.32261968893685794
35,737_phasescrambled.jpg,512,1.0,19.465,7.582,11.283,103.681,123.773,165.321,172.769,64.899,-10.7238,-7.865,0.4951,0.347,0.7013,55.327,51.686,59.248,19.465,5.198,13.622,0.1125,0.2097,0.2129,6.02,26.96,10.691,16.087,-0.03906,0.07031,0.6921,0.6814,0.6607,-4.192,0.3653,1.433,2.63,0.8696,0.877,95.666,0.0002775,4.152,4.454,0.0002091,5.076e-06,0,1,0,54,24,25,53,0.32051282051282054,0.6923076923076923,0.37179487179487175,0.04650228678206386,-0.013941697740243453,0.07094618328034155,0.22813119380937238,0.3433247302340853
36,794_phasescrambled.jpg,512,1.0,23.06,7.786,15.651,108.232,88.643,93.945,107.671,38.854,1.196,-8.042,0.6051,0.2613,0.43,55.972,55.417,65.338,23.06,5.693,8.557,0.1473,0.176,0.2496,6.768,35.741,13.927,18.912,0.07422,0.05859,0.6717,0.6928,0.6489,-3.515,0.5673,1.52,2.728,0.9038,0.8788,93.784,0.0001912,4.407,4.542,0.0001392,3.683e-06,0,1,0,45,33,19,59,0.24358974358974358,0.5769230769230769,0.33333333333333326,-0.020969011900137058,-0.13509611608685795,0.057988266950227456,0.31853599908835023,0.43107540048294235
37,1575_phasescrambled.jpg,512,1.0,22.0,7.795,13.968,97.488,120.119,102.32,55.917,43.412,2.003,26.519,0.1226,0.5718,0.4942,66.571,53.279,29.33,22.0,10.059,23.977,0.1501,0.2101,0.2404,6.586,41.503,10.515,0.0,0.0,0.0,0.657,0.6918,0.6601,-3.235,0.6732,1.536,2.745,0.8926,0.8469,91.644,0.0004173,3.087,3.639,0.0001455,6.407e-06,0,1,0,44,34,14,64,0.1794871794871795,0.5641025641025641,0.3846153846153846,-0.0030746386786658086,-0.19797135509646308,0.08975335017294825,0.5063406895372872,0.4853989256472401
38,463_phasescrambled.jpg,512,1.0,27.471,7.947,13.455,118.249,123.623,124.267,118.871,50.621,-1.309,3.026,0.1775,0.2059,0.5143,73.003,67.764,69.97,27.471,7.713,7.22,0.2418,0.2058,0.2706,7.395,25.41,14.618,13.666,0.05859,-0.03516,0.6501,0.6724,0.6452,-4.136,0.4072,1.303,2.624,0.8765,0.8686,94.268,0.0002328,4.515,4.545,0.0001752,5.068e-06,0,1,0,50,28,24,54,0.3076923076923077,0.6410256410256411,0.33333333333333337,0.006749202851707936,-0.04878286090541262,0.0305345178624319,0.26689293049859475,0.4365191860529261
39,485_phasescrambled.jpg,512,1.0,15.569,7.344,13.501,117.631,132.307,149.615,142.05,60.922,-3.113,3.245,0.4488,0.4728,0.6994,44.476,44.258,73.158,15.569,10.551,27.657,0.2514,0.2067,0.1726,5.337,26.186,4.174,0.7812,0.0,-0.003906,0.7585,0.5799,0.5859,-3.969,0.4605,1.551,2.659,0.9182,0.8685,96.354,0.0003281,3.682,4.136,0.0002015,4.485e-06,0,1,0,53,25,26,52,0.3333333333333333,0.6794871794871795,0.3461538461538462,0.029239635745774872,-0.008398054789874543,0.06902633979791087,0.5583647370698093,0.5731286059949203
40,1590_phasescrambled.jpg,512,1.0,21.924,7.775,20.244,154.833,133.817,137.987,163.772,57.186,4.723,-14.4748,0.6532,0.2246,0.6433,56.771,56.722,51.43,21.924,3.665,8.391,0.0724,0.1669,0.2018,5.233,30.693,7.281,3.906,-0.01562,0.01172,0.7192,0.7225,0.7365,-3.65,0.6084,1.628,2.731,0.9142,0.9137,97.385,0.0002575,4.205,4.491,0.0001593,2.572e-06,0,1,0,48,30,24,54,0.3076923076923077,0.6153846153846154,0.3076923076923077,-0.01605709113495013,-0.0605018689913327,0.08790994442090097,0.35110857709758675,0.4292225477888082
41,682_phasescrambled.jpg,512,1.0,17.831,7.535,19.986,147.141,115.889,106.227,89.525,44.847,1.414,10.982,0.1132,0.3038,0.465,39.99,45.597,45.434,17.831,7.187,7.252,0.11,0.2036,0.1609,6.608,28.196,5.98,3.984,-0.003906,-0.01953,0.7328,0.7225,0.7108,-3.562,0.6346,1.758,2.75,0.9369,0.8887,97.021,0.000143,4.498,4.564,0.0001513,3.374e-06,0,1,0,48,30,28,50,0.358974358974359,0.6153846153846154,0.25641025641025644,-0.03949510730679029,-0.014889281018016676,0.07252491975775965,0.2386031913203936,0.4292225477888082
42,871_phasescrambled.jpg,512,1.0,21.75,7.756,16.621,128.03,140.932,143.312,118.123,58.146,-4.867,13.272,0.1725,0.3228,0.5972,63.04,53.892,64.882,21.75,11.445,15.644,0.18,0.2416,0.2215,7.399,19.729,9.97,14.864,-0.003906,0.07422,0.7046,0.629,0.6193,-3.611,0.588,1.572,2.728,0.8972,0.8554,92.99,0.0002062,4.283,4.514,0.0001276,4.967e-06,0,1,0,46,32,31,47,0.3974358974358974,0.5897435897435898,0.19230769230769235,-0.07987991342232842,0.0076011518760502605,0.05942659637684176,0.2710454101953201,0.4005041426910977
43,1904_phasescrambled.jpg,512,1.0,26.97,7.952,11.375,104.83,110.086,124.232,138.256,50.515,-0.1186,-8.791,0.6281,0.3501,0.5656,70.253,69.345,70.241,26.97,8.148,11.096,0.1833,0.2616,0.2648,6.464,33.581,11.886,8.043,0.01953,-0.03516,0.6166,0.6331,0.5856,-4.076,0.4684,1.278,2.586,0.8316,0.8017,92.275,0.000369,3.866,4.299,0.0002027,7.17e-06,0,1,0,49,29,25,53,0.32051282051282054,0.6282051282051282,0.30769230769230765,-0.01051344818458122,-0.04323921795504371,0.05318306270605958,0.3108629661467882,0.5624957636371596
44,1195_phasescrambled.jpg,512,1.0,13.419,7.255,12.213,96.779,108.462,106.783,59.417,44.022,-6.027,25.72,0.1796,0.4836,0.4448,39.804,32.647,23.238,13.419,4.483,16.804,0.1014,0.1929,0.1382,5.689,24.127,2.24,0.7812,0.0,-0.003906,0.6917,0.7081,0.6881,-3.985,0.4358,1.698,2.646,0.9259,0.8615,99.176,0.0002174,4.349,4.532,0.000145,4.177e-06,0,1,0,49,29,24,54,0.3076923076923077,0.6282051282051282,0.3205128205128205,-0.00465394414162118,-0.05464236494837271,0.05254439228906127,0.29865530521329803,0.36037775695882307
45,982_phasescrambled.jpg,512,1.0,23.342,7.761,9.3,89.622,142.383,149.87,132.814,60.167,-5.904,8.551,0.2749,0.2128,0.5965,62.797,58.928,71.703,23.342,5.424,11.051,0.1822,0.2016,0.237,6.596,33.119,11.837,10.626,-0.05078,0.01562,0.6405,0.6523,0.6096,-4.109,0.3736,1.323,2.514,0.8558,0.8339,94.921,0.0002796,4.438,4.525,0.0002076,5.387e-06,0,1,0,54,24,34,44,0.4358974358974359,0.6923076923076923,0.2564102564102564,-0.006233249604576441,0.0886866251997176,0.05676490698888708,0.31220725241233754,0.43662793869159433
46,113_phasescrambled.jpg,512,1.0,10.898,6.938,5.519,54.8,133.203,151.062,155.59,61.105,-5.268,-4.48,0.5259,0.1558,0.6121,32.523,27.765,28.466,10.898,2.854,3.383,0.07616,0.09579,0.1112,5.016,27.632,5.745,6.675,0.03125,0.01172,0.7032,0.7186,0.6745,-4.29,0.1791,1.384,2.53,0.8887,0.9011,95.715,0.0002928,4.356,4.514,0.0002596,2.637e-06,0,1,0,44,34,20,58,0.2564102564102564,0.5641025641025641,0.3076923076923077,-0.03823166293642605,-0.129552473136489,0.05476515806413396,0.3342955420116343,0.4364044061232434
47,1566_phasescrambled.jpg,512,1.0,19.553,7.686,29.526,173.999,81.615,114.226,39.275,43.602,-23.6435,34.827,0.2427,0.6747,0.4488,42.335,51.354,29.833,19.553,10.754,16.063,0.05455,0.22,0.2003,5.259,27.445,4.662,4.752,0.003906,0.02344,0.77,0.7477,0.7471,-2.974,0.7754,1.967,2.884,0.9514,0.9218,98.561,0.0001325,4.42,4.557,0.000123,2.164e-06,0,1,0,63,15,18,60,0.23076923076923078,0.8076923076923077,0.5769230769230769,0.1901471380227453,-0.04102819030690619,0.1029259177120155,0.29099585862806104,0.6168995721047842
